{"cameraMode":{"drawMode":0,"name":"Shaded","section":"Shading Mode"},"sceneLighting":false,"audioPlay":false,"sceneViewState":{"showFog":true,"showMaterialUpdate":false,"showSkybox":false,"showFlares":true,"showImageEffects":true,"showParticleSystems":true},"in2DMode":false,"pivot":{"x":0.0,"y":0.14087754487991334,"z":0.0010000001639127732},"rotation":{"x":0.7055082321166992,"y":-0.027611467987298967,"z":0.02752876840531826,"w":0.7076279520988464},"size":0.21259474754333497,"orthographic":true}