{"cameraMode":{"drawMode":0,"name":"Shaded","section":"Shading Mode"},"sceneLighting":true,"audioPlay":false,"sceneViewState":{"showFog":true,"showMaterialUpdate":false,"showSkybox":true,"showFlares":true,"showImageEffects":true,"showParticleSystems":true},"in2DMode":false,"pivot":{"x":0.28856682777404787,"y":-0.04218699783086777,"z":1.4395825862884522},"rotation":{"x":0.12709765136241914,"y":-0.029752030968666078,"z":0.003814074443653226,"w":0.9914367198944092},"size":0.5171641111373901,"orthographic":true}