{"cameraMode":{"drawMode":0,"name":"Shaded","section":"Shading Mode"},"sceneLighting":true,"audioPlay":false,"sceneViewState":{"showFog":true,"showMaterialUpdate":false,"showSkybox":true,"showFlares":true,"showImageEffects":true,"showParticleSystems":true},"in2DMode":false,"pivot":{"x":-0.15773242712020875,"y":-0.056331951171159747,"z":1.2024024724960328},"rotation":{"x":0.7055082321166992,"y":-0.027611467987298967,"z":0.02752876840531826,"w":0.7076279520988464},"size":0.09744838625192642,"orthographic":true}