{"cameraMode":{"drawMode":0,"name":"Shaded","section":"Shading Mode"},"sceneLighting":true,"audioPlay":false,"sceneViewState":{"showFog":true,"showMaterialUpdate":false,"showSkybox":true,"showFlares":true,"showImageEffects":true,"showParticleSystems":true},"in2DMode":false,"pivot":{"x":0.9026234745979309,"y":1.3491159300826894e-8,"z":0.0705476775765419},"rotation":{"x":0.7055082321166992,"y":-0.027611467987298967,"z":0.02752876840531826,"w":0.7076279520988464},"size":1.3449580669403077,"orthographic":true}