{"cameraMode":{"drawMode":0,"name":"Shaded","section":"Shading Mode"},"sceneLighting":true,"audioPlay":false,"sceneViewState":{"showFog":true,"showMaterialUpdate":false,"showSkybox":true,"showFlares":true,"showImageEffects":true,"showParticleSystems":true},"in2DMode":false,"pivot":{"x":-0.010582178831100464,"y":0.017922639846801759,"z":1.590000033378601},"rotation":{"x":0.7055082321166992,"y":-0.027611467987298967,"z":0.02752876840531826,"w":0.7076279520988464},"size":0.8379694223403931,"orthographic":true}